"","sample_names.1.","Phylum","Class","Order","Family","Genus","Species","SUM"
"1","FS903_55_13H_CCTTCA_L002_trim_paired_merged_rRNA.nr_v132","",NA,NA,NA,NA,NA,2835336
"2","FS903_55_13H_CCTTCA_L002_trim_paired_merged_rRNA.nr_v132","Acidobacteria","Acidobacteriia","Solibacterales","Solibacteraceae_(Subgroup_3)","",NA,1
"3","FS903_55_13H_CCTTCA_L002_trim_paired_merged_rRNA.nr_v132","Acidobacteria","Holophagae","Holophagales","Holophagaceae","",NA,1
"4","FS903_55_13H_CCTTCA_L002_trim_paired_merged_rRNA.nr_v132","Actinobacteria","Actinobacteria","Corynebacteriales","Corynebacteriaceae","Corynebacterium_1",NA,1
"5","FS903_55_13H_CCTTCA_L002_trim_paired_merged_rRNA.nr_v132","Actinobacteria","Actinobacteria","Micrococcales","Dermacoccaceae","Dermacoccus",NA,1
"6","FS903_55_13H_CCTTCA_L002_trim_paired_merged_rRNA.nr_v132","Actinobacteria","Actinobacteria","Propionibacteriales","Propionibacteriaceae","Cutibacterium",NA,2
"7","FS903_55_13H_CCTTCA_L002_trim_paired_merged_rRNA.nr_v132","Aquificae","",NA,NA,NA,NA,1
"8","FS903_55_13H_CCTTCA_L002_trim_paired_merged_rRNA.nr_v132","Aquificae","Desulfurobacteriia","Desulfurobacteriales","Desulfurobacteriaceae","",NA,57
"9","FS903_55_13H_CCTTCA_L002_trim_paired_merged_rRNA.nr_v132","Aquificae","Desulfurobacteriia","Desulfurobacteriales","Desulfurobacteriaceae","Balnearium",NA,2
"10","FS903_55_13H_CCTTCA_L002_trim_paired_merged_rRNA.nr_v132","Aquificae","Desulfurobacteriia","Desulfurobacteriales","Desulfurobacteriaceae","Desulfurobacterium",NA,235
"11","FS903_55_13H_CCTTCA_L002_trim_paired_merged_rRNA.nr_v132","Aquificae","Desulfurobacteriia","Desulfurobacteriales","Desulfurobacteriaceae","Thermovibrio",NA,1
"12","FS903_55_13H_CCTTCA_L002_trim_paired_merged_rRNA.nr_v132","Ascomycota","",NA,NA,NA,NA,1
"13","FS903_55_13H_CCTTCA_L002_trim_paired_merged_rRNA.nr_v132","Ascomycota","Dothideomycetes","Capnodiales","Cladosporiaceae","Cladosporium",NA,2
"14","FS903_55_13H_CCTTCA_L002_trim_paired_merged_rRNA.nr_v132","Bacteroidetes","Bacteroidia","",NA,NA,NA,1
"15","FS903_55_13H_CCTTCA_L002_trim_paired_merged_rRNA.nr_v132","Bacteroidetes","Bacteroidia","Bacteroidales","Prevotellaceae","Prevotella_7",NA,1
"16","FS903_55_13H_CCTTCA_L002_trim_paired_merged_rRNA.nr_v132","Calditrichaeota","Calditrichia","Calditrichales","Calditrichaceae","",NA,7
"17","FS903_55_13H_CCTTCA_L002_trim_paired_merged_rRNA.nr_v132","Calditrichaeota","Calditrichia","Calditrichales","Calditrichaceae","Caldithrix",NA,46
"18","FS903_55_13H_CCTTCA_L002_trim_paired_merged_rRNA.nr_v132","Chloroflexi","Anaerolineae","Anaerolineales","Anaerolineaceae","uncultured",NA,1
"19","FS903_55_13H_CCTTCA_L002_trim_paired_merged_rRNA.nr_v132","Chloroflexi","Anaerolineae","SBR1031","",NA,NA,2
"20","FS903_55_13H_CCTTCA_L002_trim_paired_merged_rRNA.nr_v132","Cloacimonetes","Cloacimonadia","Cloacimonadales","",NA,NA,1
"21","FS903_55_13H_CCTTCA_L002_trim_paired_merged_rRNA.nr_v132","Crenarchaeota","Thermoprotei","",NA,NA,NA,1
"22","FS903_55_13H_CCTTCA_L002_trim_paired_merged_rRNA.nr_v132","Crenarchaeota","Thermoprotei","Thermoproteales","Thermoproteaceae","",NA,1
"23","FS903_55_13H_CCTTCA_L002_trim_paired_merged_rRNA.nr_v132","Epsilonbacteraeota","",NA,NA,NA,NA,538
"24","FS903_55_13H_CCTTCA_L002_trim_paired_merged_rRNA.nr_v132","Epsilonbacteraeota","Campylobacteria","",NA,NA,NA,9467
"25","FS903_55_13H_CCTTCA_L002_trim_paired_merged_rRNA.nr_v132","Epsilonbacteraeota","Campylobacteria","Campylobacterales","",NA,NA,32404
"26","FS903_55_13H_CCTTCA_L002_trim_paired_merged_rRNA.nr_v132","Epsilonbacteraeota","Campylobacteria","Campylobacterales","Arcobacteraceae","Arcobacter",NA,16
"27","FS903_55_13H_CCTTCA_L002_trim_paired_merged_rRNA.nr_v132","Epsilonbacteraeota","Campylobacteria","Campylobacterales","Helicobacteraceae","",NA,3
"28","FS903_55_13H_CCTTCA_L002_trim_paired_merged_rRNA.nr_v132","Epsilonbacteraeota","Campylobacteria","Campylobacterales","Helicobacteraceae","Helicobacter",NA,1
"29","FS903_55_13H_CCTTCA_L002_trim_paired_merged_rRNA.nr_v132","Epsilonbacteraeota","Campylobacteria","Campylobacterales","Helicobacteraceae","uncultured",NA,11
"30","FS903_55_13H_CCTTCA_L002_trim_paired_merged_rRNA.nr_v132","Epsilonbacteraeota","Campylobacteria","Campylobacterales","Nitratiruptoraceae","",NA,31487
"31","FS903_55_13H_CCTTCA_L002_trim_paired_merged_rRNA.nr_v132","Epsilonbacteraeota","Campylobacteria","Campylobacterales","Nitratiruptoraceae","Hydrogenimonas",NA,54169
"32","FS903_55_13H_CCTTCA_L002_trim_paired_merged_rRNA.nr_v132","Epsilonbacteraeota","Campylobacteria","Campylobacterales","Nitratiruptoraceae","Nitratiruptor",NA,225
"33","FS903_55_13H_CCTTCA_L002_trim_paired_merged_rRNA.nr_v132","Epsilonbacteraeota","Campylobacteria","Campylobacterales","P6-b51","P6-b51_ge",NA,41
"34","FS903_55_13H_CCTTCA_L002_trim_paired_merged_rRNA.nr_v132","Epsilonbacteraeota","Campylobacteria","Campylobacterales","Sulfurospirillaceae","Sulfurospirillum",NA,1
"35","FS903_55_13H_CCTTCA_L002_trim_paired_merged_rRNA.nr_v132","Epsilonbacteraeota","Campylobacteria","Campylobacterales","Sulfurovaceae","",NA,4
"36","FS903_55_13H_CCTTCA_L002_trim_paired_merged_rRNA.nr_v132","Epsilonbacteraeota","Campylobacteria","Campylobacterales","Sulfurovaceae","Nitratifractor",NA,6
"37","FS903_55_13H_CCTTCA_L002_trim_paired_merged_rRNA.nr_v132","Epsilonbacteraeota","Campylobacteria","Campylobacterales","Sulfurovaceae","Sulfurovum",NA,11
"38","FS903_55_13H_CCTTCA_L002_trim_paired_merged_rRNA.nr_v132","Epsilonbacteraeota","Campylobacteria","Campylobacterales","Thiovulaceae","Sulfurimonas",NA,20
"39","FS903_55_13H_CCTTCA_L002_trim_paired_merged_rRNA.nr_v132","Epsilonbacteraeota","Campylobacteria","Nautiliales","Nautiliaceae","",NA,339738
"40","FS903_55_13H_CCTTCA_L002_trim_paired_merged_rRNA.nr_v132","Epsilonbacteraeota","Campylobacteria","Nautiliales","Nautiliaceae","Caminibacter",NA,672691
"41","FS903_55_13H_CCTTCA_L002_trim_paired_merged_rRNA.nr_v132","Epsilonbacteraeota","Campylobacteria","Nautiliales","Nautiliaceae","Lebetimonas",NA,1594
"42","FS903_55_13H_CCTTCA_L002_trim_paired_merged_rRNA.nr_v132","Epsilonbacteraeota","Campylobacteria","Nautiliales","Nautiliaceae","Nautilia",NA,35904
"43","FS903_55_13H_CCTTCA_L002_trim_paired_merged_rRNA.nr_v132","Epsilonbacteraeota","Campylobacteria","Nautiliales","Nautiliaceae","Nautiliaceae_ge",NA,80
"44","FS903_55_13H_CCTTCA_L002_trim_paired_merged_rRNA.nr_v132","Epsilonbacteraeota","Campylobacteria","Nautiliales","Nautiliaceae","Thioreductor",NA,3
"45","FS903_55_13H_CCTTCA_L002_trim_paired_merged_rRNA.nr_v132","Epsilonbacteraeota","Campylobacteria","Nautiliales","Nautiliaceae","uncultured",NA,16792
"46","FS903_55_13H_CCTTCA_L002_trim_paired_merged_rRNA.nr_v132","Euryarchaeota","",NA,NA,NA,NA,102
"47","FS903_55_13H_CCTTCA_L002_trim_paired_merged_rRNA.nr_v132","Euryarchaeota","Archaeoglobi","Archaeoglobales","Archaeoglobaceae","",NA,2
"48","FS903_55_13H_CCTTCA_L002_trim_paired_merged_rRNA.nr_v132","Euryarchaeota","Archaeoglobi","Archaeoglobales","Archaeoglobaceae","Archaeoglobus",NA,6
"49","FS903_55_13H_CCTTCA_L002_trim_paired_merged_rRNA.nr_v132","Euryarchaeota","Methanococci","Methanococcales","",NA,NA,13
"50","FS903_55_13H_CCTTCA_L002_trim_paired_merged_rRNA.nr_v132","Euryarchaeota","Methanococci","Methanococcales","Methanocaldococcaceae","Methanocaldococcus",NA,573
"51","FS903_55_13H_CCTTCA_L002_trim_paired_merged_rRNA.nr_v132","Euryarchaeota","Methanococci","Methanococcales","Methanococcaceae","",NA,28584
"52","FS903_55_13H_CCTTCA_L002_trim_paired_merged_rRNA.nr_v132","Euryarchaeota","Methanococci","Methanococcales","Methanococcaceae","Methanococcus",NA,137
"53","FS903_55_13H_CCTTCA_L002_trim_paired_merged_rRNA.nr_v132","Euryarchaeota","Methanococci","Methanococcales","Methanococcaceae","Methanothermococcus",NA,91598
"54","FS903_55_13H_CCTTCA_L002_trim_paired_merged_rRNA.nr_v132","Euryarchaeota","Methanococci","Methanococcales","Methanococcaceae","Methanotorris",NA,5
"55","FS903_55_13H_CCTTCA_L002_trim_paired_merged_rRNA.nr_v132","Euryarchaeota","Thermococci","Thermococcales","Thermococcaceae","",NA,3
"56","FS903_55_13H_CCTTCA_L002_trim_paired_merged_rRNA.nr_v132","Euryarchaeota","Thermococci","Thermococcales","Thermococcaceae","Thermococcus",NA,1
"57","FS903_55_13H_CCTTCA_L002_trim_paired_merged_rRNA.nr_v132","Firmicutes","Clostridia","Clostridiales","",NA,NA,12
"58","FS903_55_13H_CCTTCA_L002_trim_paired_merged_rRNA.nr_v132","Firmicutes","Clostridia","Clostridiales","Clostridiaceae_3","",NA,12
"59","FS903_55_13H_CCTTCA_L002_trim_paired_merged_rRNA.nr_v132","Firmicutes","Clostridia","Clostridiales","Clostridiaceae_3","Caloranaerobacter",NA,90
"60","FS903_55_13H_CCTTCA_L002_trim_paired_merged_rRNA.nr_v132","Firmicutes","Clostridia","Clostridiales","Family_XI","Ezakiella",NA,1
"61","FS903_55_13H_CCTTCA_L002_trim_paired_merged_rRNA.nr_v132","Firmicutes","Clostridia","Clostridiales","Ruminococcaceae","Ruminococcaceae_UCG-014",NA,2
"62","FS903_55_13H_CCTTCA_L002_trim_paired_merged_rRNA.nr_v132","Fusobacteria","Fusobacteriia","Fusobacteriales","Fusobacteriaceae","",NA,1
"63","FS903_55_13H_CCTTCA_L002_trim_paired_merged_rRNA.nr_v132","Fusobacteria","Fusobacteriia","Fusobacteriales","Fusobacteriaceae","Psychrilyobacter",NA,1
"64","FS903_55_13H_CCTTCA_L002_trim_paired_merged_rRNA.nr_v132","Patescibacteria","Parcubacteria","",NA,NA,NA,1
"65","FS903_55_13H_CCTTCA_L002_trim_paired_merged_rRNA.nr_v132","Proteobacteria","",NA,NA,NA,NA,38
"66","FS903_55_13H_CCTTCA_L002_trim_paired_merged_rRNA.nr_v132","Proteobacteria","Alphaproteobacteria","",NA,NA,NA,1
"67","FS903_55_13H_CCTTCA_L002_trim_paired_merged_rRNA.nr_v132","Proteobacteria","Alphaproteobacteria","Rhodobacterales","Rhodobacteraceae","",NA,2
"68","FS903_55_13H_CCTTCA_L002_trim_paired_merged_rRNA.nr_v132","Proteobacteria","Alphaproteobacteria","Rickettsiales","Mitochondria","Mitochondria_ge",NA,2
"69","FS903_55_13H_CCTTCA_L002_trim_paired_merged_rRNA.nr_v132","Proteobacteria","Alphaproteobacteria","Sphingomonadales","Sphingomonadaceae","Sphingomonas",NA,2
"70","FS903_55_13H_CCTTCA_L002_trim_paired_merged_rRNA.nr_v132","Proteobacteria","Deltaproteobacteria","",NA,NA,NA,21
"71","FS903_55_13H_CCTTCA_L002_trim_paired_merged_rRNA.nr_v132","Proteobacteria","Deltaproteobacteria","Desulfarculales","Desulfarculaceae","Desulfatiglans",NA,1
"72","FS903_55_13H_CCTTCA_L002_trim_paired_merged_rRNA.nr_v132","Proteobacteria","Deltaproteobacteria","Desulfobacterales","",NA,NA,2
"73","FS903_55_13H_CCTTCA_L002_trim_paired_merged_rRNA.nr_v132","Proteobacteria","Deltaproteobacteria","Desulfobacterales","Desulfobacteraceae","",NA,7
"74","FS903_55_13H_CCTTCA_L002_trim_paired_merged_rRNA.nr_v132","Proteobacteria","Deltaproteobacteria","Desulfobacterales","Desulfobulbaceae","",NA,17
"75","FS903_55_13H_CCTTCA_L002_trim_paired_merged_rRNA.nr_v132","Proteobacteria","Deltaproteobacteria","Desulfobacterales","Desulfobulbaceae","Desulfobulbus",NA,13
"76","FS903_55_13H_CCTTCA_L002_trim_paired_merged_rRNA.nr_v132","Proteobacteria","Deltaproteobacteria","Desulfobacterales","Desulfobulbaceae","Dissulfurimicrobium",NA,1
"77","FS903_55_13H_CCTTCA_L002_trim_paired_merged_rRNA.nr_v132","Proteobacteria","Deltaproteobacteria","Desulfofervidales","Desulfofervidaceae","Candidatus_Desulfofervidus",NA,2
"78","FS903_55_13H_CCTTCA_L002_trim_paired_merged_rRNA.nr_v132","Proteobacteria","Deltaproteobacteria","Desulfovibrionales","",NA,NA,83
"79","FS903_55_13H_CCTTCA_L002_trim_paired_merged_rRNA.nr_v132","Proteobacteria","Deltaproteobacteria","Desulfovibrionales","Desulfohalobiaceae","",NA,43
"80","FS903_55_13H_CCTTCA_L002_trim_paired_merged_rRNA.nr_v132","Proteobacteria","Deltaproteobacteria","Desulfovibrionales","Desulfohalobiaceae","Desulfonauticus",NA,12
"81","FS903_55_13H_CCTTCA_L002_trim_paired_merged_rRNA.nr_v132","Proteobacteria","Deltaproteobacteria","Desulfovibrionales","Desulfohalobiaceae","Desulfothermus",NA,9
"82","FS903_55_13H_CCTTCA_L002_trim_paired_merged_rRNA.nr_v132","Proteobacteria","Deltaproteobacteria","Desulfovibrionales","Desulfohalobiaceae","Desulfovermiculus",NA,1
"83","FS903_55_13H_CCTTCA_L002_trim_paired_merged_rRNA.nr_v132","Proteobacteria","Deltaproteobacteria","Desulfuromonadales","",NA,NA,2
"84","FS903_55_13H_CCTTCA_L002_trim_paired_merged_rRNA.nr_v132","Proteobacteria","Deltaproteobacteria","Desulfuromonadales","Desulfuromonadaceae","Desulfuromusa",NA,2
"85","FS903_55_13H_CCTTCA_L002_trim_paired_merged_rRNA.nr_v132","Proteobacteria","Deltaproteobacteria","Syntrophobacterales","",NA,NA,1
"86","FS903_55_13H_CCTTCA_L002_trim_paired_merged_rRNA.nr_v132","Proteobacteria","Deltaproteobacteria","Syntrophobacterales","Syntrophaceae","Desulfomonile",NA,2
"87","FS903_55_13H_CCTTCA_L002_trim_paired_merged_rRNA.nr_v132","Proteobacteria","Deltaproteobacteria","Thermodesulfobacteriales","Thermodesulfobacteriaceae","",NA,5
"88","FS903_55_13H_CCTTCA_L002_trim_paired_merged_rRNA.nr_v132","Proteobacteria","Deltaproteobacteria","Thermodesulfobacteriales","Thermodesulfobacteriaceae","Caldimicrobium",NA,4
"89","FS903_55_13H_CCTTCA_L002_trim_paired_merged_rRNA.nr_v132","Proteobacteria","Deltaproteobacteria","Thermodesulfobacteriales","Thermodesulfobacteriaceae","Thermodesulfatator",NA,1
"90","FS903_55_13H_CCTTCA_L002_trim_paired_merged_rRNA.nr_v132","Proteobacteria","Deltaproteobacteria","Thermodesulfobacteriales","Thermodesulfobacteriaceae","Thermodesulfobacterium",NA,2
"91","FS903_55_13H_CCTTCA_L002_trim_paired_merged_rRNA.nr_v132","Proteobacteria","Gammaproteobacteria","",NA,NA,NA,24
"92","FS903_55_13H_CCTTCA_L002_trim_paired_merged_rRNA.nr_v132","Proteobacteria","Gammaproteobacteria","Betaproteobacteriales","Burkholderiaceae","",NA,4
"93","FS903_55_13H_CCTTCA_L002_trim_paired_merged_rRNA.nr_v132","Proteobacteria","Gammaproteobacteria","Betaproteobacteriales","Burkholderiaceae","Burkholderia-Caballeronia-Paraburkholderia",NA,2
"94","FS903_55_13H_CCTTCA_L002_trim_paired_merged_rRNA.nr_v132","Proteobacteria","Gammaproteobacteria","Enterobacteriales","Enterobacteriaceae","",NA,1
"95","FS903_55_13H_CCTTCA_L002_trim_paired_merged_rRNA.nr_v132","Proteobacteria","Gammaproteobacteria","Pseudomonadales","Moraxellaceae","Acinetobacter",NA,1
"96","FS903_55_13H_CCTTCA_L002_trim_paired_merged_rRNA.nr_v132","Proteobacteria","Gammaproteobacteria","Pseudomonadales","Pseudomonadaceae","",NA,3
"97","FS903_55_13H_CCTTCA_L002_trim_paired_merged_rRNA.nr_v132","Proteobacteria","Gammaproteobacteria","Pseudomonadales","Pseudomonadaceae","Pseudomonas",NA,12
"98","FS903_55_13H_CCTTCA_L002_trim_paired_merged_rRNA.nr_v132","Proteobacteria","Gammaproteobacteria","Xanthomonadales","Xanthomonadaceae","Stenotrophomonas",NA,1
"99","FS903_55_13H_CCTTCA_L002_trim_paired_merged_rRNA.nr_v132","Thermotogae","Thermotogae","",NA,NA,NA,74
"100","FS903_55_13H_CCTTCA_L002_trim_paired_merged_rRNA.nr_v132","Thermotogae","Thermotogae","Kosmotogales","Kosmotogaceae","Kosmotoga",NA,3
"101","FS903_55_13H_CCTTCA_L002_trim_paired_merged_rRNA.nr_v132","Thermotogae","Thermotogae","Petrotogales","Petrotogaceae","",NA,671
"102","FS903_55_13H_CCTTCA_L002_trim_paired_merged_rRNA.nr_v132","Thermotogae","Thermotogae","Petrotogales","Petrotogaceae","Marinitoga",NA,20764
"103","FS903_55_13H_CCTTCA_L002_trim_paired_merged_rRNA.nr_v132","Thermotogae","Thermotogae","Thermotogales","",NA,NA,5
"104","FS903_55_13H_CCTTCA_L002_trim_paired_merged_rRNA.nr_v132","Thermotogae","Thermotogae","Thermotogales","Fervidobacteriaceae","Thermosipho",NA,2
"105","FS903_55_13H_CCTTCA_L002_trim_paired_merged_rRNA.nr_v132","Thermotogae","Thermotogae","Thermotogales","Thermotogaceae","",NA,3
"106","FS903_55_13H_CCTTCA_L002_trim_paired_merged_rRNA.nr_v132","Thermotogae","Thermotogae","Thermotogales","Thermotogaceae","Thermotoga",NA,2
"107","LVWS4_55_TP1_13H_GGACCC_L004_trim_paired_merged_rRNA.nr_v132","Acidobacteria","Thermoanaerobaculia","Thermoanaerobaculales","Thermoanaerobaculaceae","B276-D12",NA,1
"108","LVWS4_55_TP1_13H_GGACCC_L004_trim_paired_merged_rRNA.nr_v132","Actinobacteria","Acidimicrobiia","Actinomarinales","Actinomarinaceae","Candidatus_Actinomarina",NA,1
"109","LVWS4_55_TP1_13H_GGACCC_L004_trim_paired_merged_rRNA.nr_v132","Actinobacteria","Actinobacteria","Actinobacteria_unclassified","Actinobacteria_unclassified","Actinobacteria_unclassified",NA,1
"110","LVWS4_55_TP1_13H_GGACCC_L004_trim_paired_merged_rRNA.nr_v132","Actinobacteria","Actinobacteria","Corynebacteriales","Corynebacteriales_unclassified","Corynebacteriales_unclassified",NA,1
"111","LVWS4_55_TP1_13H_GGACCC_L004_trim_paired_merged_rRNA.nr_v132","Actinobacteria","Actinobacteria","Micrococcales","Microbacteriaceae","Microbacteriaceae_unclassified",NA,1
"112","LVWS4_55_TP1_13H_GGACCC_L004_trim_paired_merged_rRNA.nr_v132","Actinobacteria","Actinobacteria","Propionibacteriales","Propionibacteriaceae","Cutibacterium",NA,2
"113","LVWS4_55_TP1_13H_GGACCC_L004_trim_paired_merged_rRNA.nr_v132","Aquificae","Aquificae_unclassified","Aquificae_unclassified","Aquificae_unclassified","Aquificae_unclassified",NA,3
"114","LVWS4_55_TP1_13H_GGACCC_L004_trim_paired_merged_rRNA.nr_v132","Aquificae","Desulfurobacteriia","Desulfurobacteriales","Desulfurobacteriaceae","Balnearium",NA,1
"115","LVWS4_55_TP1_13H_GGACCC_L004_trim_paired_merged_rRNA.nr_v132","Aquificae","Desulfurobacteriia","Desulfurobacteriales","Desulfurobacteriaceae","Desulfurobacteriaceae_unclassified",NA,27
"116","LVWS4_55_TP1_13H_GGACCC_L004_trim_paired_merged_rRNA.nr_v132","Aquificae","Desulfurobacteriia","Desulfurobacteriales","Desulfurobacteriaceae","Desulfurobacterium",NA,21
"117","LVWS4_55_TP1_13H_GGACCC_L004_trim_paired_merged_rRNA.nr_v132","Aquificae","Desulfurobacteriia","Desulfurobacteriales","Desulfurobacteriaceae","Thermovibrio",NA,2
"118","LVWS4_55_TP1_13H_GGACCC_L004_trim_paired_merged_rRNA.nr_v132","Archaea_unclassified","Archaea_unclassified","Archaea_unclassified","Archaea_unclassified","Archaea_unclassified",NA,8
"119","LVWS4_55_TP1_13H_GGACCC_L004_trim_paired_merged_rRNA.nr_v132","Asgardaeota","Asgardaeota_unclassified","Asgardaeota_unclassified","Asgardaeota_unclassified","Asgardaeota_unclassified",NA,3
"120","LVWS4_55_TP1_13H_GGACCC_L004_trim_paired_merged_rRNA.nr_v132","Bacteria_unclassified","Bacteria_unclassified","Bacteria_unclassified","Bacteria_unclassified","Bacteria_unclassified",NA,221552
"121","LVWS4_55_TP1_13H_GGACCC_L004_trim_paired_merged_rRNA.nr_v132","Bacteroidetes","Bacteroidia","Bacteroidetes_VC2.1_Bac22","Bacteroidetes_VC2.1_Bac22_fa","Bacteroidetes_VC2.1_Bac22_ge",NA,2
"122","LVWS4_55_TP1_13H_GGACCC_L004_trim_paired_merged_rRNA.nr_v132","Bacteroidetes","Bacteroidia","Bacteroidia_unclassified","Bacteroidia_unclassified","Bacteroidia_unclassified",NA,2
"123","LVWS4_55_TP1_13H_GGACCC_L004_trim_paired_merged_rRNA.nr_v132","Bacteroidetes","Bacteroidia","Chitinophagales","Chitinophagaceae","Chitinophagaceae_unclassified",NA,1
"124","LVWS4_55_TP1_13H_GGACCC_L004_trim_paired_merged_rRNA.nr_v132","Bacteroidetes","Bacteroidia","Flavobacteriales","Weeksellaceae","Cloacibacterium",NA,1
"125","LVWS4_55_TP1_13H_GGACCC_L004_trim_paired_merged_rRNA.nr_v132","Basidiomycota","Malasseziomycetes","Malasseziales","Malasseziaceae","Malassezia",NA,1
"126","LVWS4_55_TP1_13H_GGACCC_L004_trim_paired_merged_rRNA.nr_v132","Basidiomycota","Microbotryomycetes","Sporidiobolales","Sporidiobolaceae","Rhodotorula",NA,1
"127","LVWS4_55_TP1_13H_GGACCC_L004_trim_paired_merged_rRNA.nr_v132","Chlamydiae","Chlamydiae","Chlamydiales","Simkaniaceae","uncultured",NA,1
"128","LVWS4_55_TP1_13H_GGACCC_L004_trim_paired_merged_rRNA.nr_v132","Chloroflexi","Anaerolineae","Anaerolineae_unclassified","Anaerolineae_unclassified","Anaerolineae_unclassified",NA,8
"129","LVWS4_55_TP1_13H_GGACCC_L004_trim_paired_merged_rRNA.nr_v132","Chloroflexi","Anaerolineae","Anaerolineales","Anaerolineaceae","uncultured",NA,1
"130","LVWS4_55_TP1_13H_GGACCC_L004_trim_paired_merged_rRNA.nr_v132","Chloroflexi","Anaerolineae","Ardenticatenales","uncultured","uncultured_ge",NA,2
"131","LVWS4_55_TP1_13H_GGACCC_L004_trim_paired_merged_rRNA.nr_v132","Chloroflexi","Anaerolineae","Caldilineales","Caldilineaceae","uncultured",NA,5
"132","LVWS4_55_TP1_13H_GGACCC_L004_trim_paired_merged_rRNA.nr_v132","Chloroflexi","Anaerolineae","SBR1031","SBR1031_fa","SBR1031_ge",NA,3
"133","LVWS4_55_TP1_13H_GGACCC_L004_trim_paired_merged_rRNA.nr_v132","Chloroflexi","Chloroflexi_unclassified","Chloroflexi_unclassified","Chloroflexi_unclassified","Chloroflexi_unclassified",NA,2
"134","LVWS4_55_TP1_13H_GGACCC_L004_trim_paired_merged_rRNA.nr_v132","Cloacimonetes","Cloacimonadia","Cloacimonadales","Cloacimonadales_unclassified","Cloacimonadales_unclassified",NA,2
"135","LVWS4_55_TP1_13H_GGACCC_L004_trim_paired_merged_rRNA.nr_v132","Cloacimonetes","Cloacimonadia","Cloacimonadales","MSBL8","MSBL8_ge",NA,4
"136","LVWS4_55_TP1_13H_GGACCC_L004_trim_paired_merged_rRNA.nr_v132","Crenarchaeota","Crenarchaeota_unclassified","Crenarchaeota_unclassified","Crenarchaeota_unclassified","Crenarchaeota_unclassified",NA,2
"137","LVWS4_55_TP1_13H_GGACCC_L004_trim_paired_merged_rRNA.nr_v132","Crenarchaeota","Thermoprotei","Desulfurococcales","Desulfurococcales_unclassified","Desulfurococcales_unclassified",NA,1
"138","LVWS4_55_TP1_13H_GGACCC_L004_trim_paired_merged_rRNA.nr_v132","Crenarchaeota","Thermoprotei","Thermoprotei_unclassified","Thermoprotei_unclassified","Thermoprotei_unclassified",NA,1
"139","LVWS4_55_TP1_13H_GGACCC_L004_trim_paired_merged_rRNA.nr_v132","Cyanobacteria","Oxyphotobacteria","Synechococcales","Cyanobiaceae","Prochlorococcus_MIT9313",NA,1
"140","LVWS4_55_TP1_13H_GGACCC_L004_trim_paired_merged_rRNA.nr_v132","Dependentiae","Babeliae","Babeliales","Babeliales_unclassified","Babeliales_unclassified",NA,3
"141","LVWS4_55_TP1_13H_GGACCC_L004_trim_paired_merged_rRNA.nr_v132","Epsilonbacteraeota","Campylobacteria","Campylobacterales","Arcobacteraceae","Arcobacter",NA,437
"142","LVWS4_55_TP1_13H_GGACCC_L004_trim_paired_merged_rRNA.nr_v132","Epsilonbacteraeota","Campylobacteria","Campylobacterales","Campylobacterales_Incertae_Sedis","Thiofractor",NA,7
"143","LVWS4_55_TP1_13H_GGACCC_L004_trim_paired_merged_rRNA.nr_v132","Epsilonbacteraeota","Campylobacteria","Campylobacterales","Campylobacterales_unclassified","Campylobacterales_unclassified",NA,334036
"144","LVWS4_55_TP1_13H_GGACCC_L004_trim_paired_merged_rRNA.nr_v132","Epsilonbacteraeota","Campylobacteria","Campylobacterales","CH8-1-BAC","CH8-1-BAC_ge",NA,1
"145","LVWS4_55_TP1_13H_GGACCC_L004_trim_paired_merged_rRNA.nr_v132","Epsilonbacteraeota","Campylobacteria","Campylobacterales","Helicobacteraceae","Helicobacter",NA,8
"146","LVWS4_55_TP1_13H_GGACCC_L004_trim_paired_merged_rRNA.nr_v132","Epsilonbacteraeota","Campylobacteria","Campylobacterales","Helicobacteraceae","Helicobacteraceae_unclassified",NA,3
"147","LVWS4_55_TP1_13H_GGACCC_L004_trim_paired_merged_rRNA.nr_v132","Epsilonbacteraeota","Campylobacteria","Campylobacterales","Helicobacteraceae","uncultured",NA,2
"148","LVWS4_55_TP1_13H_GGACCC_L004_trim_paired_merged_rRNA.nr_v132","Epsilonbacteraeota","Campylobacteria","Campylobacterales","Nitratiruptoraceae","Hydrogenimonas",NA,336085
"149","LVWS4_55_TP1_13H_GGACCC_L004_trim_paired_merged_rRNA.nr_v132","Epsilonbacteraeota","Campylobacteria","Campylobacterales","Nitratiruptoraceae","Nitratiruptor",NA,2741
"150","LVWS4_55_TP1_13H_GGACCC_L004_trim_paired_merged_rRNA.nr_v132","Epsilonbacteraeota","Campylobacteria","Campylobacterales","Nitratiruptoraceae","Nitratiruptoraceae_unclassified",NA,537711
"151","LVWS4_55_TP1_13H_GGACCC_L004_trim_paired_merged_rRNA.nr_v132","Epsilonbacteraeota","Campylobacteria","Campylobacterales","P6-b51","P6-b51_ge",NA,246
"152","LVWS4_55_TP1_13H_GGACCC_L004_trim_paired_merged_rRNA.nr_v132","Epsilonbacteraeota","Campylobacteria","Campylobacterales","Sulfurospirillaceae","Sulfurospirillum",NA,37
"153","LVWS4_55_TP1_13H_GGACCC_L004_trim_paired_merged_rRNA.nr_v132","Epsilonbacteraeota","Campylobacteria","Campylobacterales","Sulfurovaceae","Nitratifractor",NA,70
"154","LVWS4_55_TP1_13H_GGACCC_L004_trim_paired_merged_rRNA.nr_v132","Epsilonbacteraeota","Campylobacteria","Campylobacterales","Sulfurovaceae","Sulfurovaceae_unclassified",NA,126
"155","LVWS4_55_TP1_13H_GGACCC_L004_trim_paired_merged_rRNA.nr_v132","Epsilonbacteraeota","Campylobacteria","Campylobacterales","Sulfurovaceae","Sulfurovum",NA,99
"156","LVWS4_55_TP1_13H_GGACCC_L004_trim_paired_merged_rRNA.nr_v132","Epsilonbacteraeota","Campylobacteria","Campylobacterales","Thiovulaceae","Sulfurimonas",NA,369
"157","LVWS4_55_TP1_13H_GGACCC_L004_trim_paired_merged_rRNA.nr_v132","Epsilonbacteraeota","Campylobacteria","Campylobacterales","Thiovulaceae","Thiovulaceae_unclassified",NA,2
"158","LVWS4_55_TP1_13H_GGACCC_L004_trim_paired_merged_rRNA.nr_v132","Epsilonbacteraeota","Campylobacteria","Campylobacteria_unclassified","Campylobacteria_unclassified","Campylobacteria_unclassified",NA,44641
"159","LVWS4_55_TP1_13H_GGACCC_L004_trim_paired_merged_rRNA.nr_v132","Epsilonbacteraeota","Campylobacteria","Nautiliales","Nautiliaceae","Caminibacter",NA,4161582
"160","LVWS4_55_TP1_13H_GGACCC_L004_trim_paired_merged_rRNA.nr_v132","Epsilonbacteraeota","Campylobacteria","Nautiliales","Nautiliaceae","Lebetimonas",NA,3569
"161","LVWS4_55_TP1_13H_GGACCC_L004_trim_paired_merged_rRNA.nr_v132","Epsilonbacteraeota","Campylobacteria","Nautiliales","Nautiliaceae","Nautilia",NA,17412
"162","LVWS4_55_TP1_13H_GGACCC_L004_trim_paired_merged_rRNA.nr_v132","Epsilonbacteraeota","Campylobacteria","Nautiliales","Nautiliaceae","Nautiliaceae_ge",NA,503
"163","LVWS4_55_TP1_13H_GGACCC_L004_trim_paired_merged_rRNA.nr_v132","Epsilonbacteraeota","Campylobacteria","Nautiliales","Nautiliaceae","Nautiliaceae_unclassified",NA,419263
"164","LVWS4_55_TP1_13H_GGACCC_L004_trim_paired_merged_rRNA.nr_v132","Epsilonbacteraeota","Campylobacteria","Nautiliales","Nautiliaceae","Thioreductor",NA,335
"165","LVWS4_55_TP1_13H_GGACCC_L004_trim_paired_merged_rRNA.nr_v132","Epsilonbacteraeota","Campylobacteria","Nautiliales","Nautiliaceae","uncultured",NA,41525
"166","LVWS4_55_TP1_13H_GGACCC_L004_trim_paired_merged_rRNA.nr_v132","Epsilonbacteraeota","Epsilonbacteraeota_unclassified","Epsilonbacteraeota_unclassified","Epsilonbacteraeota_unclassified","Epsilonbacteraeota_unclassified",NA,1461
"167","LVWS4_55_TP1_13H_GGACCC_L004_trim_paired_merged_rRNA.nr_v132","Eukaryota_unclassified","Eukaryota_unclassified","Eukaryota_unclassified","Eukaryota_unclassified","Eukaryota_unclassified",NA,689942
"168","LVWS4_55_TP1_13H_GGACCC_L004_trim_paired_merged_rRNA.nr_v132","Euryarchaeota","Archaeoglobi","Archaeoglobales","Archaeoglobaceae","Archaeoglobus",NA,1
"169","LVWS4_55_TP1_13H_GGACCC_L004_trim_paired_merged_rRNA.nr_v132","Euryarchaeota","Euryarchaeota_unclassified","Euryarchaeota_unclassified","Euryarchaeota_unclassified","Euryarchaeota_unclassified",NA,3
"170","LVWS4_55_TP1_13H_GGACCC_L004_trim_paired_merged_rRNA.nr_v132","Euryarchaeota","Methanococci","Methanococcales","Methanocaldococcaceae","Methanocaldococcus",NA,115
"171","LVWS4_55_TP1_13H_GGACCC_L004_trim_paired_merged_rRNA.nr_v132","Euryarchaeota","Methanococci","Methanococcales","Methanococcaceae","Methanococcaceae_unclassified",NA,28
"172","LVWS4_55_TP1_13H_GGACCC_L004_trim_paired_merged_rRNA.nr_v132","Euryarchaeota","Methanococci","Methanococcales","Methanococcaceae","Methanococcus",NA,79
"173","LVWS4_55_TP1_13H_GGACCC_L004_trim_paired_merged_rRNA.nr_v132","Euryarchaeota","Methanococci","Methanococcales","Methanococcaceae","Methanothermococcus",NA,110
"174","LVWS4_55_TP1_13H_GGACCC_L004_trim_paired_merged_rRNA.nr_v132","Euryarchaeota","Methanococci","Methanococcales","Methanococcaceae","Methanotorris",NA,1
"175","LVWS4_55_TP1_13H_GGACCC_L004_trim_paired_merged_rRNA.nr_v132","Euryarchaeota","Methanococci","Methanococcales","Methanococcales_unclassified","Methanococcales_unclassified",NA,1
"176","LVWS4_55_TP1_13H_GGACCC_L004_trim_paired_merged_rRNA.nr_v132","Euryarchaeota","Methanopyri","Methanopyrales","Methanopyraceae","Methanopyrus",NA,4
"177","LVWS4_55_TP1_13H_GGACCC_L004_trim_paired_merged_rRNA.nr_v132","Firmicutes","Clostridia","Clostridiales","Clostridiaceae_1","Clostridium_sensu_stricto_17",NA,1
"178","LVWS4_55_TP1_13H_GGACCC_L004_trim_paired_merged_rRNA.nr_v132","Firmicutes","Firmicutes_unclassified","Firmicutes_unclassified","Firmicutes_unclassified","Firmicutes_unclassified",NA,1
"179","LVWS4_55_TP1_13H_GGACCC_L004_trim_paired_merged_rRNA.nr_v132","Fusobacteria","Fusobacteriia","Fusobacteriales","Fusobacteriaceae","Psychrilyobacter",NA,1
"180","LVWS4_55_TP1_13H_GGACCC_L004_trim_paired_merged_rRNA.nr_v132","Lentisphaerae","Lentisphaerae_unclassified","Lentisphaerae_unclassified","Lentisphaerae_unclassified","Lentisphaerae_unclassified",NA,5
"181","LVWS4_55_TP1_13H_GGACCC_L004_trim_paired_merged_rRNA.nr_v132","Lentisphaerae","Lentisphaeria","Victivallales","BD2-3","BD2-3_ge",NA,3
"182","LVWS4_55_TP1_13H_GGACCC_L004_trim_paired_merged_rRNA.nr_v132","Lentisphaerae","Lentisphaeria","Victivallales","Victivallales_unclassified","Victivallales_unclassified",NA,2
"183","LVWS4_55_TP1_13H_GGACCC_L004_trim_paired_merged_rRNA.nr_v132","Lentisphaerae","Oligosphaeria","P.palmC41","P.palmC41_fa","P.palmC41_ge",NA,5
"184","LVWS4_55_TP1_13H_GGACCC_L004_trim_paired_merged_rRNA.nr_v132","Omnitrophicaeota","Omnitrophicaeota_cl","Omnitrophicaeota_or","Omnitrophicaeota_fa","Omnitrophicaeota_ge",NA,1
"185","LVWS4_55_TP1_13H_GGACCC_L004_trim_paired_merged_rRNA.nr_v132","Patescibacteria","ABY1","Candidatus_Komeilibacteria","Candidatus_Komeilibacteria_fa","Candidatus_Komeilibacteria_ge",NA,1
"186","LVWS4_55_TP1_13H_GGACCC_L004_trim_paired_merged_rRNA.nr_v132","Patescibacteria","Gracilibacteria","JGI_0000069-P22","JGI_0000069-P22_fa","JGI_0000069-P22_ge",NA,10
"187","LVWS4_55_TP1_13H_GGACCC_L004_trim_paired_merged_rRNA.nr_v132","Patescibacteria","Parcubacteria","Candidatus_Nomurabacteria","Candidatus_Nomurabacteria_fa","Candidatus_Nomurabacteria_ge",NA,1
"188","LVWS4_55_TP1_13H_GGACCC_L004_trim_paired_merged_rRNA.nr_v132","Patescibacteria","Parcubacteria","Candidatus_Zambryskibacteria","Candidatus_Zambryskibacteria_fa","Candidatus_Zambryskibacteria_ge",NA,1
"189","LVWS4_55_TP1_13H_GGACCC_L004_trim_paired_merged_rRNA.nr_v132","Patescibacteria","Parcubacteria","Parcubacteria_unclassified","Parcubacteria_unclassified","Parcubacteria_unclassified",NA,1
"190","LVWS4_55_TP1_13H_GGACCC_L004_trim_paired_merged_rRNA.nr_v132","PAUC34f","PAUC34f_cl","PAUC34f_or","PAUC34f_fa","PAUC34f_ge",NA,1
"191","LVWS4_55_TP1_13H_GGACCC_L004_trim_paired_merged_rRNA.nr_v132","Phragmoplastophyta","Embryophyta","Embryophyta_unclassified","Embryophyta_unclassified","Embryophyta_unclassified",NA,1
"192","LVWS4_55_TP1_13H_GGACCC_L004_trim_paired_merged_rRNA.nr_v132","Planctomycetes","Phycisphaerae","MSBL9","MSBL9_unclassified","MSBL9_unclassified",NA,1
"193","LVWS4_55_TP1_13H_GGACCC_L004_trim_paired_merged_rRNA.nr_v132","Proteobacteria","Alphaproteobacteria","Alphaproteobacteria_unclassified","Alphaproteobacteria_unclassified","Alphaproteobacteria_unclassified",NA,2
"194","LVWS4_55_TP1_13H_GGACCC_L004_trim_paired_merged_rRNA.nr_v132","Proteobacteria","Alphaproteobacteria","Micavibrionales","Micavibrionaceae","uncultured",NA,1
"195","LVWS4_55_TP1_13H_GGACCC_L004_trim_paired_merged_rRNA.nr_v132","Proteobacteria","Alphaproteobacteria","Puniceispirillales","SAR116_clade","SAR116_clade_ge",NA,1
"196","LVWS4_55_TP1_13H_GGACCC_L004_trim_paired_merged_rRNA.nr_v132","Proteobacteria","Alphaproteobacteria","Puniceispirillales","SAR116_clade","SAR116_clade_unclassified",NA,1
"197","LVWS4_55_TP1_13H_GGACCC_L004_trim_paired_merged_rRNA.nr_v132","Proteobacteria","Alphaproteobacteria","Reyranellales","Reyranellaceae","Reyranella",NA,1
"198","LVWS4_55_TP1_13H_GGACCC_L004_trim_paired_merged_rRNA.nr_v132","Proteobacteria","Alphaproteobacteria","Rhizobiales","Beijerinckiaceae","Methylobacterium",NA,1
"199","LVWS4_55_TP1_13H_GGACCC_L004_trim_paired_merged_rRNA.nr_v132","Proteobacteria","Alphaproteobacteria","Rhizobiales","Xanthobacteraceae","Bradyrhizobium",NA,1
"200","LVWS4_55_TP1_13H_GGACCC_L004_trim_paired_merged_rRNA.nr_v132","Proteobacteria","Alphaproteobacteria","Sphingomonadales","Sphingomonadaceae","Sphingomonadaceae_unclassified",NA,3
"201","LVWS4_55_TP1_13H_GGACCC_L004_trim_paired_merged_rRNA.nr_v132","Proteobacteria","Alphaproteobacteria","Sphingomonadales","Sphingomonadaceae","Sphingomonas",NA,1
"202","LVWS4_55_TP1_13H_GGACCC_L004_trim_paired_merged_rRNA.nr_v132","Proteobacteria","Alphaproteobacteria","Thalassobaculales","Thalassobaculales_unclassified","Thalassobaculales_unclassified",NA,1
"203","LVWS4_55_TP1_13H_GGACCC_L004_trim_paired_merged_rRNA.nr_v132","Proteobacteria","Deltaproteobacteria","Deltaproteobacteria_unclassified","Deltaproteobacteria_unclassified","Deltaproteobacteria_unclassified",NA,89
"204","LVWS4_55_TP1_13H_GGACCC_L004_trim_paired_merged_rRNA.nr_v132","Proteobacteria","Deltaproteobacteria","Desulfarculales","Desulfarculaceae","Desulfatiglans",NA,9
"205","LVWS4_55_TP1_13H_GGACCC_L004_trim_paired_merged_rRNA.nr_v132","Proteobacteria","Deltaproteobacteria","Desulfobacterales","Desulfobacteraceae","Desulfobacteraceae_unclassified",NA,42
"206","LVWS4_55_TP1_13H_GGACCC_L004_trim_paired_merged_rRNA.nr_v132","Proteobacteria","Deltaproteobacteria","Desulfobacterales","Desulfobacteraceae","Desulfobacterium",NA,2
"207","LVWS4_55_TP1_13H_GGACCC_L004_trim_paired_merged_rRNA.nr_v132","Proteobacteria","Deltaproteobacteria","Desulfobacterales","Desulfobacteraceae","Desulfococcus",NA,1
"208","LVWS4_55_TP1_13H_GGACCC_L004_trim_paired_merged_rRNA.nr_v132","Proteobacteria","Deltaproteobacteria","Desulfobacterales","Desulfobacteraceae","Desulfoconvexum",NA,1
"209","LVWS4_55_TP1_13H_GGACCC_L004_trim_paired_merged_rRNA.nr_v132","Proteobacteria","Deltaproteobacteria","Desulfobacterales","Desulfobacterales_unclassified","Desulfobacterales_unclassified",NA,1
"210","LVWS4_55_TP1_13H_GGACCC_L004_trim_paired_merged_rRNA.nr_v132","Proteobacteria","Deltaproteobacteria","Desulfobacterales","Desulfobulbaceae","Candidatus_Electrothrix",NA,3
"211","LVWS4_55_TP1_13H_GGACCC_L004_trim_paired_merged_rRNA.nr_v132","Proteobacteria","Deltaproteobacteria","Desulfobacterales","Desulfobulbaceae","Desulfobulbaceae_unclassified",NA,36
"212","LVWS4_55_TP1_13H_GGACCC_L004_trim_paired_merged_rRNA.nr_v132","Proteobacteria","Deltaproteobacteria","Desulfobacterales","Desulfobulbaceae","Desulfobulbus",NA,53
"213","LVWS4_55_TP1_13H_GGACCC_L004_trim_paired_merged_rRNA.nr_v132","Proteobacteria","Deltaproteobacteria","Desulfobacterales","Desulfobulbaceae","Desulfocapsa",NA,2
"214","LVWS4_55_TP1_13H_GGACCC_L004_trim_paired_merged_rRNA.nr_v132","Proteobacteria","Deltaproteobacteria","Desulfofervidales","Desulfofervidaceae","Candidatus_Desulfofervidus",NA,2
"215","LVWS4_55_TP1_13H_GGACCC_L004_trim_paired_merged_rRNA.nr_v132","Proteobacteria","Deltaproteobacteria","Desulfovibrionales","Desulfohalobiaceae","Desulfohalobiaceae_unclassified",NA,175
"216","LVWS4_55_TP1_13H_GGACCC_L004_trim_paired_merged_rRNA.nr_v132","Proteobacteria","Deltaproteobacteria","Desulfovibrionales","Desulfohalobiaceae","Desulfonatronospira",NA,2
"217","LVWS4_55_TP1_13H_GGACCC_L004_trim_paired_merged_rRNA.nr_v132","Proteobacteria","Deltaproteobacteria","Desulfovibrionales","Desulfohalobiaceae","Desulfonauticus",NA,38
"218","LVWS4_55_TP1_13H_GGACCC_L004_trim_paired_merged_rRNA.nr_v132","Proteobacteria","Deltaproteobacteria","Desulfovibrionales","Desulfohalobiaceae","Desulfothermus",NA,29
"219","LVWS4_55_TP1_13H_GGACCC_L004_trim_paired_merged_rRNA.nr_v132","Proteobacteria","Deltaproteobacteria","Desulfovibrionales","Desulfohalobiaceae","Desulfovermiculus",NA,16
"220","LVWS4_55_TP1_13H_GGACCC_L004_trim_paired_merged_rRNA.nr_v132","Proteobacteria","Deltaproteobacteria","Desulfovibrionales","Desulfovibrionaceae","Desulfovibrio",NA,11
"221","LVWS4_55_TP1_13H_GGACCC_L004_trim_paired_merged_rRNA.nr_v132","Proteobacteria","Deltaproteobacteria","Desulfovibrionales","Desulfovibrionaceae","Desulfovibrionaceae_unclassified",NA,1
"222","LVWS4_55_TP1_13H_GGACCC_L004_trim_paired_merged_rRNA.nr_v132","Proteobacteria","Deltaproteobacteria","Desulfovibrionales","Desulfovibrionales_unclassified","Desulfovibrionales_unclassified",NA,181
"223","LVWS4_55_TP1_13H_GGACCC_L004_trim_paired_merged_rRNA.nr_v132","Proteobacteria","Deltaproteobacteria","SAR324_clade(Marine_group_B)","SAR324_clade(Marine_group_B)_fa","SAR324_clade(Marine_group_B)_ge",NA,1
"224","LVWS4_55_TP1_13H_GGACCC_L004_trim_paired_merged_rRNA.nr_v132","Proteobacteria","Deltaproteobacteria","Syntrophobacterales","Syntrophaceae","Desulfomonile",NA,3
"225","LVWS4_55_TP1_13H_GGACCC_L004_trim_paired_merged_rRNA.nr_v132","Proteobacteria","Deltaproteobacteria","Thermodesulfobacteriales","Thermodesulfobacteriaceae","Caldimicrobium",NA,2
"226","LVWS4_55_TP1_13H_GGACCC_L004_trim_paired_merged_rRNA.nr_v132","Proteobacteria","Deltaproteobacteria","Thermodesulfobacteriales","Thermodesulfobacteriaceae","Thermodesulfatator",NA,4
"227","LVWS4_55_TP1_13H_GGACCC_L004_trim_paired_merged_rRNA.nr_v132","Proteobacteria","Deltaproteobacteria","Thermodesulfobacteriales","Thermodesulfobacteriaceae","Thermodesulfobacteriaceae_unclassified",NA,7
"228","LVWS4_55_TP1_13H_GGACCC_L004_trim_paired_merged_rRNA.nr_v132","Proteobacteria","Gammaproteobacteria","Beggiatoales","Beggiatoaceae","Beggiatoaceae_unclassified",NA,4
"229","LVWS4_55_TP1_13H_GGACCC_L004_trim_paired_merged_rRNA.nr_v132","Proteobacteria","Gammaproteobacteria","Beggiatoales","Beggiatoaceae","Candidatus_Marithrix",NA,4
"230","LVWS4_55_TP1_13H_GGACCC_L004_trim_paired_merged_rRNA.nr_v132","Proteobacteria","Gammaproteobacteria","Beggiatoales","Beggiatoaceae","Candidatus_Parabeggiatoa",NA,3
"231","LVWS4_55_TP1_13H_GGACCC_L004_trim_paired_merged_rRNA.nr_v132","Proteobacteria","Gammaproteobacteria","Betaproteobacteriales","Burkholderiaceae","Burkholderia-Caballeronia-Paraburkholderia",NA,2
"232","LVWS4_55_TP1_13H_GGACCC_L004_trim_paired_merged_rRNA.nr_v132","Proteobacteria","Gammaproteobacteria","Betaproteobacteriales","Burkholderiaceae","Burkholderiaceae_unclassified",NA,4
"233","LVWS4_55_TP1_13H_GGACCC_L004_trim_paired_merged_rRNA.nr_v132","Proteobacteria","Gammaproteobacteria","Betaproteobacteriales","Burkholderiaceae","Polynucleobacter",NA,1
"234","LVWS4_55_TP1_13H_GGACCC_L004_trim_paired_merged_rRNA.nr_v132","Proteobacteria","Gammaproteobacteria","Betaproteobacteriales","Burkholderiaceae","Ralstonia",NA,1
"235","LVWS4_55_TP1_13H_GGACCC_L004_trim_paired_merged_rRNA.nr_v132","Proteobacteria","Gammaproteobacteria","Betaproteobacteriales","Burkholderiaceae","Variovorax",NA,2
"236","LVWS4_55_TP1_13H_GGACCC_L004_trim_paired_merged_rRNA.nr_v132","Proteobacteria","Gammaproteobacteria","Enterobacteriales","Enterobacteriaceae","Enterobacteriaceae_unclassified",NA,28
"237","LVWS4_55_TP1_13H_GGACCC_L004_trim_paired_merged_rRNA.nr_v132","Proteobacteria","Gammaproteobacteria","Gammaproteobacteria_unclassified","Gammaproteobacteria_unclassified","Gammaproteobacteria_unclassified",NA,374
"238","LVWS4_55_TP1_13H_GGACCC_L004_trim_paired_merged_rRNA.nr_v132","Proteobacteria","Gammaproteobacteria","Oceanospirillales","Alcanivoracaceae","Alcanivorax",NA,5
"239","LVWS4_55_TP1_13H_GGACCC_L004_trim_paired_merged_rRNA.nr_v132","Proteobacteria","Gammaproteobacteria","Oceanospirillales","Saccharospirillaceae","Saccharospirillaceae_unclassified",NA,1
"240","LVWS4_55_TP1_13H_GGACCC_L004_trim_paired_merged_rRNA.nr_v132","Proteobacteria","Gammaproteobacteria","Oceanospirillales","Saccharospirillaceae","Thalassolituus",NA,23
"241","LVWS4_55_TP1_13H_GGACCC_L004_trim_paired_merged_rRNA.nr_v132","Proteobacteria","Gammaproteobacteria","Pseudomonadales","Moraxellaceae","Acinetobacter",NA,1
"242","LVWS4_55_TP1_13H_GGACCC_L004_trim_paired_merged_rRNA.nr_v132","Proteobacteria","Gammaproteobacteria","Pseudomonadales","Pseudomonadaceae","Pseudomonas",NA,1
"243","LVWS4_55_TP1_13H_GGACCC_L004_trim_paired_merged_rRNA.nr_v132","Proteobacteria","Gammaproteobacteria","Thiomicrospirales","Thioglobaceae","SUP05_cluster",NA,4
"244","LVWS4_55_TP1_13H_GGACCC_L004_trim_paired_merged_rRNA.nr_v132","Proteobacteria","Gammaproteobacteria","Thiomicrospirales","Thioglobaceae","Thioglobaceae_unclassified",NA,5
"245","LVWS4_55_TP1_13H_GGACCC_L004_trim_paired_merged_rRNA.nr_v132","Proteobacteria","Gammaproteobacteria","Vibrionales","Vibrionaceae","Vibrionaceae_unclassified",NA,6
"246","LVWS4_55_TP1_13H_GGACCC_L004_trim_paired_merged_rRNA.nr_v132","Proteobacteria","Gammaproteobacteria","Xanthomonadales","Xanthomonadaceae","Xanthomonadaceae_unclassified",NA,1
"247","LVWS4_55_TP1_13H_GGACCC_L004_trim_paired_merged_rRNA.nr_v132","Proteobacteria","Proteobacteria_unclassified","Proteobacteria_unclassified","Proteobacteria_unclassified","Proteobacteria_unclassified",NA,353
"248","LVWS4_55_TP1_13H_GGACCC_L004_trim_paired_merged_rRNA.nr_v132","Spirochaetes","Spirochaetia","Spirochaetales","Spirochaetaceae","Sediminispirochaeta",NA,7
"249","LVWS4_55_TP1_13H_GGACCC_L004_trim_paired_merged_rRNA.nr_v132","Spirochaetes","Spirochaetia","Spirochaetales","Spirochaetaceae","Spirochaetaceae_unclassified",NA,6
"250","LVWS4_55_TP1_13H_GGACCC_L004_trim_paired_merged_rRNA.nr_v132","Tenericutes","Mollicutes","Izimaplasmatales","Izimaplasmataceae","Izimaplasmataceae_unclassified",NA,1
"251","LVWS4_55_TP1_13H_GGACCC_L004_trim_paired_merged_rRNA.nr_v132","Tenericutes","Mollicutes","Izimaplasmatales","Izimaplasmatales_unclassified","Izimaplasmatales_unclassified",NA,1
"252","LVWS4_55_TP1_13H_GGACCC_L004_trim_paired_merged_rRNA.nr_v132","Tenericutes","Mollicutes","Mollicutes_unclassified","Mollicutes_unclassified","Mollicutes_unclassified",NA,1
"253","LVWS4_55_TP1_13H_GGACCC_L004_trim_paired_merged_rRNA.nr_v132","Thaumarchaeota","Nitrososphaeria","Nitrosopumilales","Nitrosopumilaceae","Nitrosopumilaceae_ge",NA,1
"254","LVWS4_55_TP1_13H_GGACCC_L004_trim_paired_merged_rRNA.nr_v132","Thermotogae","Thermotogae","Mesoaciditogales","Mesoaciditogaceae","uncultured",NA,10
"255","LVWS4_55_TP1_13H_GGACCC_L004_trim_paired_merged_rRNA.nr_v132","Verrucomicrobia","Verrucomicrobiae","Arctic97B-4_marine_group","Arctic97B-4_marine_group_fa","Arctic97B-4_marine_group_ge",NA,1
"256","LVWS4_55_TP2_13H_CCTCGG_L003_trim_paired_merged_rRNA.nr_v132","Aquificae","Aquificae","Aquificae_unclassified","Aquificae_unclassified","Aquificae_unclassified",NA,1
"257","LVWS4_55_TP2_13H_CCTCGG_L003_trim_paired_merged_rRNA.nr_v132","Aquificae","Aquificae_unclassified","Aquificae_unclassified","Aquificae_unclassified","Aquificae_unclassified",NA,4
"258","LVWS4_55_TP2_13H_CCTCGG_L003_trim_paired_merged_rRNA.nr_v132","Aquificae","Desulfurobacteriia","Desulfurobacteriales","Desulfurobacteriaceae","Desulfurobacteriaceae_unclassified",NA,33
"259","LVWS4_55_TP2_13H_CCTCGG_L003_trim_paired_merged_rRNA.nr_v132","Aquificae","Desulfurobacteriia","Desulfurobacteriales","Desulfurobacteriaceae","Desulfurobacterium",NA,15
"260","LVWS4_55_TP2_13H_CCTCGG_L003_trim_paired_merged_rRNA.nr_v132","Archaea_unclassified","Archaea_unclassified","Archaea_unclassified","Archaea_unclassified","Archaea_unclassified",NA,6
"261","LVWS4_55_TP2_13H_CCTCGG_L003_trim_paired_merged_rRNA.nr_v132","Ascomycota","Ascomycota_unclassified","Ascomycota_unclassified","Ascomycota_unclassified","Ascomycota_unclassified",NA,1
"262","LVWS4_55_TP2_13H_CCTCGG_L003_trim_paired_merged_rRNA.nr_v132","Bacteria_unclassified","Bacteria_unclassified","Bacteria_unclassified","Bacteria_unclassified","Bacteria_unclassified",NA,156364
"263","LVWS4_55_TP2_13H_CCTCGG_L003_trim_paired_merged_rRNA.nr_v132","Bacteroidetes","Bacteroidia","Flavobacteriales","Flavobacteriaceae","Flavobacteriaceae_unclassified",NA,221
"264","LVWS4_55_TP2_13H_CCTCGG_L003_trim_paired_merged_rRNA.nr_v132","Bacteroidetes","Bacteroidia","Flavobacteriales","Flavobacteriaceae","Formosa",NA,1
"265","LVWS4_55_TP2_13H_CCTCGG_L003_trim_paired_merged_rRNA.nr_v132","Bacteroidetes","Bacteroidia","Flavobacteriales","Flavobacteriaceae","Mesoflavibacter",NA,35
"266","LVWS4_55_TP2_13H_CCTCGG_L003_trim_paired_merged_rRNA.nr_v132","Bacteroidetes","Bacteroidia","Flavobacteriales","Flavobacteriaceae","Mesonia",NA,1
"267","LVWS4_55_TP2_13H_CCTCGG_L003_trim_paired_merged_rRNA.nr_v132","Bacteroidetes","Bacteroidia","Flavobacteriales","Flavobacteriaceae","Muricauda",NA,14
"268","LVWS4_55_TP2_13H_CCTCGG_L003_trim_paired_merged_rRNA.nr_v132","Bacteroidetes","Bacteroidia","Flavobacteriales","Flavobacteriaceae","Vitellibacter",NA,14
"269","LVWS4_55_TP2_13H_CCTCGG_L003_trim_paired_merged_rRNA.nr_v132","Chlamydiae","Chlamydiae","Chlamydiales","Chlamydiales_unclassified","Chlamydiales_unclassified",NA,26
"270","LVWS4_55_TP2_13H_CCTCGG_L003_trim_paired_merged_rRNA.nr_v132","Chlamydiae","Chlamydiae","Chlamydiales","Simkaniaceae","Candidatus_Rhabdochlamydia",NA,4
"271","LVWS4_55_TP2_13H_CCTCGG_L003_trim_paired_merged_rRNA.nr_v132","Chlamydiae","Chlamydiae","Chlamydiales","Simkaniaceae","Ga0074140",NA,9
"272","LVWS4_55_TP2_13H_CCTCGG_L003_trim_paired_merged_rRNA.nr_v132","Chlamydiae","Chlamydiae","Chlamydiales","Simkaniaceae","Simkaniaceae_unclassified",NA,84
"273","LVWS4_55_TP2_13H_CCTCGG_L003_trim_paired_merged_rRNA.nr_v132","Chloroflexi","Anaerolineae","Anaerolineae_unclassified","Anaerolineae_unclassified","Anaerolineae_unclassified",NA,6
"274","LVWS4_55_TP2_13H_CCTCGG_L003_trim_paired_merged_rRNA.nr_v132","Chloroflexi","Anaerolineae","Caldilineales","Caldilineaceae","uncultured",NA,1
"275","LVWS4_55_TP2_13H_CCTCGG_L003_trim_paired_merged_rRNA.nr_v132","Chloroflexi","Anaerolineae","SJA-15","SJA-15_fa","SJA-15_ge",NA,1
"276","LVWS4_55_TP2_13H_CCTCGG_L003_trim_paired_merged_rRNA.nr_v132","Crenarchaeota","Thermoprotei","Desulfurococcales","Pyrodictiaceae","Pyrodictium",NA,1
"277","LVWS4_55_TP2_13H_CCTCGG_L003_trim_paired_merged_rRNA.nr_v132","Crenarchaeota","Thermoprotei","Thermoprotei_unclassified","Thermoprotei_unclassified","Thermoprotei_unclassified",NA,1
"278","LVWS4_55_TP2_13H_CCTCGG_L003_trim_paired_merged_rRNA.nr_v132","Cyanobacteria","Oxyphotobacteria","Synechococcales","Cyanobiaceae","Cyanobiaceae_unclassified",NA,1
"279","LVWS4_55_TP2_13H_CCTCGG_L003_trim_paired_merged_rRNA.nr_v132","Cyanobacteria","Oxyphotobacteria","Synechococcales","Cyanobiaceae","Prochlorococcus_MIT9313",NA,1
"280","LVWS4_55_TP2_13H_CCTCGG_L003_trim_paired_merged_rRNA.nr_v132","Epsilonbacteraeota","Campylobacteria","Campylobacterales","Arcobacteraceae","Arcobacter",NA,473
"281","LVWS4_55_TP2_13H_CCTCGG_L003_trim_paired_merged_rRNA.nr_v132","Epsilonbacteraeota","Campylobacteria","Campylobacterales","Campylobacterales_Incertae_Sedis","Thiofractor",NA,5
"282","LVWS4_55_TP2_13H_CCTCGG_L003_trim_paired_merged_rRNA.nr_v132","Epsilonbacteraeota","Campylobacteria","Campylobacterales","Campylobacterales_unclassified","Campylobacterales_unclassified",NA,229
"283","LVWS4_55_TP2_13H_CCTCGG_L003_trim_paired_merged_rRNA.nr_v132","Epsilonbacteraeota","Campylobacteria","Campylobacterales","Nitratiruptoraceae","Hydrogenimonas",NA,87
"284","LVWS4_55_TP2_13H_CCTCGG_L003_trim_paired_merged_rRNA.nr_v132","Epsilonbacteraeota","Campylobacteria","Campylobacterales","Nitratiruptoraceae","Nitratiruptor",NA,1
"285","LVWS4_55_TP2_13H_CCTCGG_L003_trim_paired_merged_rRNA.nr_v132","Epsilonbacteraeota","Campylobacteria","Campylobacterales","Nitratiruptoraceae","Nitratiruptoraceae_unclassified",NA,151
"286","LVWS4_55_TP2_13H_CCTCGG_L003_trim_paired_merged_rRNA.nr_v132","Epsilonbacteraeota","Campylobacteria","Campylobacterales","Sulfurospirillaceae","Sulfurospirillum",NA,34
"287","LVWS4_55_TP2_13H_CCTCGG_L003_trim_paired_merged_rRNA.nr_v132","Epsilonbacteraeota","Campylobacteria","Campylobacterales","Sulfurovaceae","Nitratifractor",NA,22
"288","LVWS4_55_TP2_13H_CCTCGG_L003_trim_paired_merged_rRNA.nr_v132","Epsilonbacteraeota","Campylobacteria","Campylobacterales","Sulfurovaceae","Sulfurovaceae_unclassified",NA,62
"289","LVWS4_55_TP2_13H_CCTCGG_L003_trim_paired_merged_rRNA.nr_v132","Epsilonbacteraeota","Campylobacteria","Campylobacterales","Sulfurovaceae","Sulfurovum",NA,44
"290","LVWS4_55_TP2_13H_CCTCGG_L003_trim_paired_merged_rRNA.nr_v132","Epsilonbacteraeota","Campylobacteria","Campylobacterales","Thiovulaceae","Sulfurimonas",NA,25
"291","LVWS4_55_TP2_13H_CCTCGG_L003_trim_paired_merged_rRNA.nr_v132","Epsilonbacteraeota","Campylobacteria","Campylobacteria_unclassified","Campylobacteria_unclassified","Campylobacteria_unclassified",NA,53987
"292","LVWS4_55_TP2_13H_CCTCGG_L003_trim_paired_merged_rRNA.nr_v132","Epsilonbacteraeota","Campylobacteria","Nautiliales","Nautiliaceae","Caminibacter",NA,5453106
"293","LVWS4_55_TP2_13H_CCTCGG_L003_trim_paired_merged_rRNA.nr_v132","Epsilonbacteraeota","Campylobacteria","Nautiliales","Nautiliaceae","Lebetimonas",NA,797
"294","LVWS4_55_TP2_13H_CCTCGG_L003_trim_paired_merged_rRNA.nr_v132","Epsilonbacteraeota","Campylobacteria","Nautiliales","Nautiliaceae","Nautilia",NA,77
"295","LVWS4_55_TP2_13H_CCTCGG_L003_trim_paired_merged_rRNA.nr_v132","Epsilonbacteraeota","Campylobacteria","Nautiliales","Nautiliaceae","Nautiliaceae_ge",NA,1
"296","LVWS4_55_TP2_13H_CCTCGG_L003_trim_paired_merged_rRNA.nr_v132","Epsilonbacteraeota","Campylobacteria","Nautiliales","Nautiliaceae","Nautiliaceae_unclassified",NA,2273228
"297","LVWS4_55_TP2_13H_CCTCGG_L003_trim_paired_merged_rRNA.nr_v132","Epsilonbacteraeota","Campylobacteria","Nautiliales","Nautiliaceae","Thioreductor",NA,95
"298","LVWS4_55_TP2_13H_CCTCGG_L003_trim_paired_merged_rRNA.nr_v132","Epsilonbacteraeota","Campylobacteria","Nautiliales","Nautiliaceae","uncultured",NA,120
"299","LVWS4_55_TP2_13H_CCTCGG_L003_trim_paired_merged_rRNA.nr_v132","Epsilonbacteraeota","Epsilonbacteraeota_unclassified","Epsilonbacteraeota_unclassified","Epsilonbacteraeota_unclassified","Epsilonbacteraeota_unclassified",NA,5540
"300","LVWS4_55_TP2_13H_CCTCGG_L003_trim_paired_merged_rRNA.nr_v132","Euglenozoa","Kinetoplastea","Metakinetoplastina","Eubodonida","Bodo",NA,32
"301","LVWS4_55_TP2_13H_CCTCGG_L003_trim_paired_merged_rRNA.nr_v132","Euglenozoa","Kinetoplastea","Metakinetoplastina","Metakinetoplastina_unclassified","Metakinetoplastina_unclassified",NA,163
"302","LVWS4_55_TP2_13H_CCTCGG_L003_trim_paired_merged_rRNA.nr_v132","Euglenozoa","Kinetoplastea","Metakinetoplastina","Trypanosomatida","Trypanosoma",NA,8
"303","LVWS4_55_TP2_13H_CCTCGG_L003_trim_paired_merged_rRNA.nr_v132","Euglenozoa","Kinetoplastea","Metakinetoplastina","Trypanosomatida","Trypanosomatida_unclassified",NA,13
"304","LVWS4_55_TP2_13H_CCTCGG_L003_trim_paired_merged_rRNA.nr_v132","Eukaryota_unclassified","Eukaryota_unclassified","Eukaryota_unclassified","Eukaryota_unclassified","Eukaryota_unclassified",NA,455701
"305","LVWS4_55_TP2_13H_CCTCGG_L003_trim_paired_merged_rRNA.nr_v132","Euryarchaeota","Archaeoglobi","Archaeoglobales","Archaeoglobaceae","Archaeoglobus",NA,4
"306","LVWS4_55_TP2_13H_CCTCGG_L003_trim_paired_merged_rRNA.nr_v132","Euryarchaeota","Euryarchaeota_unclassified","Euryarchaeota_unclassified","Euryarchaeota_unclassified","Euryarchaeota_unclassified",NA,1
"307","LVWS4_55_TP2_13H_CCTCGG_L003_trim_paired_merged_rRNA.nr_v132","Euryarchaeota","Methanococci","Methanococcales","Methanocaldococcaceae","Methanocaldococcus",NA,64
"308","LVWS4_55_TP2_13H_CCTCGG_L003_trim_paired_merged_rRNA.nr_v132","Euryarchaeota","Methanococci","Methanococcales","Methanococcaceae","Methanococcaceae_unclassified",NA,18
"309","LVWS4_55_TP2_13H_CCTCGG_L003_trim_paired_merged_rRNA.nr_v132","Euryarchaeota","Methanococci","Methanococcales","Methanococcaceae","Methanococcus",NA,12
"310","LVWS4_55_TP2_13H_CCTCGG_L003_trim_paired_merged_rRNA.nr_v132","Euryarchaeota","Methanococci","Methanococcales","Methanococcaceae","Methanothermococcus",NA,52
"311","LVWS4_55_TP2_13H_CCTCGG_L003_trim_paired_merged_rRNA.nr_v132","Euryarchaeota","Methanococci","Methanococcales","Methanococcaceae","Methanotorris",NA,1
"312","LVWS4_55_TP2_13H_CCTCGG_L003_trim_paired_merged_rRNA.nr_v132","Euryarchaeota","Methanococci","Methanococcales","Methanococcales_unclassified","Methanococcales_unclassified",NA,1
"313","LVWS4_55_TP2_13H_CCTCGG_L003_trim_paired_merged_rRNA.nr_v132","Euryarchaeota","Methanopyri","Methanopyrales","Methanopyraceae","Methanopyrus",NA,3
"314","LVWS4_55_TP2_13H_CCTCGG_L003_trim_paired_merged_rRNA.nr_v132","Firmicutes","Clostridia","Clostridiales","Clostridiaceae_2","Serpentinicella",NA,1
"315","LVWS4_55_TP2_13H_CCTCGG_L003_trim_paired_merged_rRNA.nr_v132","Firmicutes","Clostridia","Clostridiales","Clostridiales_unclassified","Clostridiales_unclassified",NA,2
"316","LVWS4_55_TP2_13H_CCTCGG_L003_trim_paired_merged_rRNA.nr_v132","Firmicutes","Clostridia","Clostridiales","Ruminococcaceae","Ruminococcaceae_unclassified",NA,1
"317","LVWS4_55_TP2_13H_CCTCGG_L003_trim_paired_merged_rRNA.nr_v132","Lentisphaerae","Lentisphaeria","Victivallales","Victivallales_unclassified","Victivallales_unclassified",NA,1
"318","LVWS4_55_TP2_13H_CCTCGG_L003_trim_paired_merged_rRNA.nr_v132","Patescibacteria","Gracilibacteria","Absconditabacteriales_(SR1)","Absconditabacteriales_(SR1)_fa","Absconditabacteriales_(SR1)_ge",NA,1
"319","LVWS4_55_TP2_13H_CCTCGG_L003_trim_paired_merged_rRNA.nr_v132","Planctomycetes","Planctomycetes_unclassified","Planctomycetes_unclassified","Planctomycetes_unclassified","Planctomycetes_unclassified",NA,1
"320","LVWS4_55_TP2_13H_CCTCGG_L003_trim_paired_merged_rRNA.nr_v132","Proteobacteria","Alphaproteobacteria","Alphaproteobacteria_unclassified","Alphaproteobacteria_unclassified","Alphaproteobacteria_unclassified",NA,12
"321","LVWS4_55_TP2_13H_CCTCGG_L003_trim_paired_merged_rRNA.nr_v132","Proteobacteria","Alphaproteobacteria","Caulobacterales","Caulobacteraceae","Caulobacter",NA,1
"322","LVWS4_55_TP2_13H_CCTCGG_L003_trim_paired_merged_rRNA.nr_v132","Proteobacteria","Alphaproteobacteria","Caulobacterales","Caulobacteraceae","Caulobacteraceae_unclassified",NA,3
"323","LVWS4_55_TP2_13H_CCTCGG_L003_trim_paired_merged_rRNA.nr_v132","Proteobacteria","Alphaproteobacteria","Caulobacterales","Caulobacteraceae","Phenylobacterium",NA,3
"324","LVWS4_55_TP2_13H_CCTCGG_L003_trim_paired_merged_rRNA.nr_v132","Proteobacteria","Alphaproteobacteria","Caulobacterales","Hyphomonadaceae","Hyphomonas",NA,1
"325","LVWS4_55_TP2_13H_CCTCGG_L003_trim_paired_merged_rRNA.nr_v132","Proteobacteria","Alphaproteobacteria","Caulobacterales","Hyphomonadaceae","Robiginitomaculum",NA,2
"326","LVWS4_55_TP2_13H_CCTCGG_L003_trim_paired_merged_rRNA.nr_v132","Proteobacteria","Alphaproteobacteria","Paracaedibacterales","Paracaedibacteraceae","Paracaedibacteraceae_unclassified",NA,2
"327","LVWS4_55_TP2_13H_CCTCGG_L003_trim_paired_merged_rRNA.nr_v132","Proteobacteria","Alphaproteobacteria","Paracaedibacterales","Paracaedibacteraceae","uncultured",NA,4
"328","LVWS4_55_TP2_13H_CCTCGG_L003_trim_paired_merged_rRNA.nr_v132","Proteobacteria","Alphaproteobacteria","Parvibaculales","Parvibaculaceae","Parvibaculum",NA,9
"329","LVWS4_55_TP2_13H_CCTCGG_L003_trim_paired_merged_rRNA.nr_v132","Proteobacteria","Alphaproteobacteria","Rhizobiales","Devosiaceae","Devosia",NA,1
"330","LVWS4_55_TP2_13H_CCTCGG_L003_trim_paired_merged_rRNA.nr_v132","Proteobacteria","Alphaproteobacteria","Rhizobiales","Rhizobiaceae","Nitratireductor",NA,1
"331","LVWS4_55_TP2_13H_CCTCGG_L003_trim_paired_merged_rRNA.nr_v132","Proteobacteria","Alphaproteobacteria","Rhizobiales","Rhizobiaceae","Rhizobiaceae_unclassified",NA,2
"332","LVWS4_55_TP2_13H_CCTCGG_L003_trim_paired_merged_rRNA.nr_v132","Proteobacteria","Alphaproteobacteria","Rhizobiales","Rhizobiales_unclassified","Rhizobiales_unclassified",NA,3
"333","LVWS4_55_TP2_13H_CCTCGG_L003_trim_paired_merged_rRNA.nr_v132","Proteobacteria","Alphaproteobacteria","Rhizobiales","Xanthobacteraceae","Bradyrhizobium",NA,1
"334","LVWS4_55_TP2_13H_CCTCGG_L003_trim_paired_merged_rRNA.nr_v132","Proteobacteria","Alphaproteobacteria","Rhodobacterales","Rhodobacteraceae","Mameliella",NA,1
"335","LVWS4_55_TP2_13H_CCTCGG_L003_trim_paired_merged_rRNA.nr_v132","Proteobacteria","Alphaproteobacteria","Rhodobacterales","Rhodobacteraceae","Octadecabacter",NA,1
"336","LVWS4_55_TP2_13H_CCTCGG_L003_trim_paired_merged_rRNA.nr_v132","Proteobacteria","Alphaproteobacteria","Rhodobacterales","Rhodobacteraceae","Pontivivens",NA,3
"337","LVWS4_55_TP2_13H_CCTCGG_L003_trim_paired_merged_rRNA.nr_v132","Proteobacteria","Alphaproteobacteria","Rhodobacterales","Rhodobacteraceae","Rhodobacteraceae_unclassified",NA,46
"338","LVWS4_55_TP2_13H_CCTCGG_L003_trim_paired_merged_rRNA.nr_v132","Proteobacteria","Alphaproteobacteria","Rhodobacterales","Rhodobacteraceae","Roseovarius",NA,1
"339","LVWS4_55_TP2_13H_CCTCGG_L003_trim_paired_merged_rRNA.nr_v132","Proteobacteria","Alphaproteobacteria","Rickettsiales","Mitochondria","Mitochondria_ge",NA,1
"340","LVWS4_55_TP2_13H_CCTCGG_L003_trim_paired_merged_rRNA.nr_v132","Proteobacteria","Alphaproteobacteria","Sphingomonadales","Sphingomonadaceae","Sphingomonadaceae_unclassified",NA,13
"341","LVWS4_55_TP2_13H_CCTCGG_L003_trim_paired_merged_rRNA.nr_v132","Proteobacteria","Alphaproteobacteria","Sphingomonadales","Sphingomonadaceae","Sphingorhabdus",NA,7
"342","LVWS4_55_TP2_13H_CCTCGG_L003_trim_paired_merged_rRNA.nr_v132","Proteobacteria","Deltaproteobacteria","Deltaproteobacteria_unclassified","Deltaproteobacteria_unclassified","Deltaproteobacteria_unclassified",NA,79
"343","LVWS4_55_TP2_13H_CCTCGG_L003_trim_paired_merged_rRNA.nr_v132","Proteobacteria","Deltaproteobacteria","Desulfarculales","Desulfarculaceae","Desulfatiglans",NA,5
"344","LVWS4_55_TP2_13H_CCTCGG_L003_trim_paired_merged_rRNA.nr_v132","Proteobacteria","Deltaproteobacteria","Desulfarculales","Desulfarculaceae","Desulfocarbo",NA,1
"345","LVWS4_55_TP2_13H_CCTCGG_L003_trim_paired_merged_rRNA.nr_v132","Proteobacteria","Deltaproteobacteria","Desulfobacterales","Desulfobacteraceae","Desulfobacteraceae_unclassified",NA,16
"346","LVWS4_55_TP2_13H_CCTCGG_L003_trim_paired_merged_rRNA.nr_v132","Proteobacteria","Deltaproteobacteria","Desulfobacterales","Desulfobacteraceae","Desulfobacterium",NA,1
"347","LVWS4_55_TP2_13H_CCTCGG_L003_trim_paired_merged_rRNA.nr_v132","Proteobacteria","Deltaproteobacteria","Desulfobacterales","Desulfobacteraceae","Desulfococcus",NA,1
"348","LVWS4_55_TP2_13H_CCTCGG_L003_trim_paired_merged_rRNA.nr_v132","Proteobacteria","Deltaproteobacteria","Desulfobacterales","Desulfobacteraceae","uncultured",NA,1
"349","LVWS4_55_TP2_13H_CCTCGG_L003_trim_paired_merged_rRNA.nr_v132","Proteobacteria","Deltaproteobacteria","Desulfobacterales","Desulfobulbaceae","Candidatus_Electrothrix",NA,6
"350","LVWS4_55_TP2_13H_CCTCGG_L003_trim_paired_merged_rRNA.nr_v132","Proteobacteria","Deltaproteobacteria","Desulfobacterales","Desulfobulbaceae","Desulfobulbaceae_unclassified",NA,61
"351","LVWS4_55_TP2_13H_CCTCGG_L003_trim_paired_merged_rRNA.nr_v132","Proteobacteria","Deltaproteobacteria","Desulfobacterales","Desulfobulbaceae","Desulfobulbus",NA,64
"352","LVWS4_55_TP2_13H_CCTCGG_L003_trim_paired_merged_rRNA.nr_v132","Proteobacteria","Deltaproteobacteria","Desulfobacterales","Desulfobulbaceae","SEEP-SRB4",NA,1
"353","LVWS4_55_TP2_13H_CCTCGG_L003_trim_paired_merged_rRNA.nr_v132","Proteobacteria","Deltaproteobacteria","Desulfofervidales","Desulfofervidaceae","Candidatus_Desulfofervidus",NA,1
"354","LVWS4_55_TP2_13H_CCTCGG_L003_trim_paired_merged_rRNA.nr_v132","Proteobacteria","Deltaproteobacteria","Desulfovibrionales","Desulfohalobiaceae","Desulfohalobiaceae_unclassified",NA,152
"355","LVWS4_55_TP2_13H_CCTCGG_L003_trim_paired_merged_rRNA.nr_v132","Proteobacteria","Deltaproteobacteria","Desulfovibrionales","Desulfohalobiaceae","Desulfonatronospira",NA,1
"356","LVWS4_55_TP2_13H_CCTCGG_L003_trim_paired_merged_rRNA.nr_v132","Proteobacteria","Deltaproteobacteria","Desulfovibrionales","Desulfohalobiaceae","Desulfonauticus",NA,53
"357","LVWS4_55_TP2_13H_CCTCGG_L003_trim_paired_merged_rRNA.nr_v132","Proteobacteria","Deltaproteobacteria","Desulfovibrionales","Desulfohalobiaceae","Desulfothermus",NA,20
"358","LVWS4_55_TP2_13H_CCTCGG_L003_trim_paired_merged_rRNA.nr_v132","Proteobacteria","Deltaproteobacteria","Desulfovibrionales","Desulfohalobiaceae","Desulfovermiculus",NA,13
"359","LVWS4_55_TP2_13H_CCTCGG_L003_trim_paired_merged_rRNA.nr_v132","Proteobacteria","Deltaproteobacteria","Desulfovibrionales","Desulfovibrionaceae","Desulfovibrio",NA,13
"360","LVWS4_55_TP2_13H_CCTCGG_L003_trim_paired_merged_rRNA.nr_v132","Proteobacteria","Deltaproteobacteria","Desulfovibrionales","Desulfovibrionaceae","Desulfovibrionaceae_unclassified",NA,1
"361","LVWS4_55_TP2_13H_CCTCGG_L003_trim_paired_merged_rRNA.nr_v132","Proteobacteria","Deltaproteobacteria","Desulfovibrionales","Desulfovibrionales_unclassified","Desulfovibrionales_unclassified",NA,169
"362","LVWS4_55_TP2_13H_CCTCGG_L003_trim_paired_merged_rRNA.nr_v132","Proteobacteria","Deltaproteobacteria","Desulfuromonadales","Desulfuromonadaceae","Desulfuromusa",NA,1
"363","LVWS4_55_TP2_13H_CCTCGG_L003_trim_paired_merged_rRNA.nr_v132","Proteobacteria","Deltaproteobacteria","Myxococcales","Polyangiaceae","Pajaroellobacter",NA,1
"364","LVWS4_55_TP2_13H_CCTCGG_L003_trim_paired_merged_rRNA.nr_v132","Proteobacteria","Deltaproteobacteria","Thermodesulfobacteriales","Thermodesulfobacteriaceae","Caldimicrobium",NA,1
"365","LVWS4_55_TP2_13H_CCTCGG_L003_trim_paired_merged_rRNA.nr_v132","Proteobacteria","Deltaproteobacteria","Thermodesulfobacteriales","Thermodesulfobacteriaceae","Thermodesulfatator",NA,3
"366","LVWS4_55_TP2_13H_CCTCGG_L003_trim_paired_merged_rRNA.nr_v132","Proteobacteria","Deltaproteobacteria","Thermodesulfobacteriales","Thermodesulfobacteriaceae","Thermodesulfobacteriaceae_unclassified",NA,5
"367","LVWS4_55_TP2_13H_CCTCGG_L003_trim_paired_merged_rRNA.nr_v132","Proteobacteria","Gammaproteobacteria","Alteromonadales","Alteromonadales_unclassified","Alteromonadales_unclassified",NA,20
"368","LVWS4_55_TP2_13H_CCTCGG_L003_trim_paired_merged_rRNA.nr_v132","Proteobacteria","Gammaproteobacteria","Alteromonadales","Colwelliaceae","Colwellia",NA,3
"369","LVWS4_55_TP2_13H_CCTCGG_L003_trim_paired_merged_rRNA.nr_v132","Proteobacteria","Gammaproteobacteria","Alteromonadales","Colwelliaceae","Colwelliaceae_unclassified",NA,1
"370","LVWS4_55_TP2_13H_CCTCGG_L003_trim_paired_merged_rRNA.nr_v132","Proteobacteria","Gammaproteobacteria","Alteromonadales","Idiomarinaceae","Idiomarina",NA,142
"371","LVWS4_55_TP2_13H_CCTCGG_L003_trim_paired_merged_rRNA.nr_v132","Proteobacteria","Gammaproteobacteria","Alteromonadales","Idiomarinaceae","Idiomarinaceae_unclassified",NA,18
"372","LVWS4_55_TP2_13H_CCTCGG_L003_trim_paired_merged_rRNA.nr_v132","Proteobacteria","Gammaproteobacteria","Alteromonadales","Marinobacteraceae","Marinobacter",NA,288
"373","LVWS4_55_TP2_13H_CCTCGG_L003_trim_paired_merged_rRNA.nr_v132","Proteobacteria","Gammaproteobacteria","Alteromonadales","Pseudoalteromonadaceae","Pseudoalteromonas",NA,2
"374","LVWS4_55_TP2_13H_CCTCGG_L003_trim_paired_merged_rRNA.nr_v132","Proteobacteria","Gammaproteobacteria","Alteromonadales","Shewanellaceae","Shewanella",NA,11
"375","LVWS4_55_TP2_13H_CCTCGG_L003_trim_paired_merged_rRNA.nr_v132","Proteobacteria","Gammaproteobacteria","Betaproteobacteriales","Burkholderiaceae","Burkholderia-Caballeronia-Paraburkholderia",NA,1
"376","LVWS4_55_TP2_13H_CCTCGG_L003_trim_paired_merged_rRNA.nr_v132","Proteobacteria","Gammaproteobacteria","Betaproteobacteriales","Burkholderiaceae","Burkholderiaceae_unclassified",NA,1
"377","LVWS4_55_TP2_13H_CCTCGG_L003_trim_paired_merged_rRNA.nr_v132","Proteobacteria","Gammaproteobacteria","Cellvibrionales","Cellvibrionales_unclassified","Cellvibrionales_unclassified",NA,11
"378","LVWS4_55_TP2_13H_CCTCGG_L003_trim_paired_merged_rRNA.nr_v132","Proteobacteria","Gammaproteobacteria","Cellvibrionales","Porticoccaceae","Porticoccaceae_unclassified",NA,3
"379","LVWS4_55_TP2_13H_CCTCGG_L003_trim_paired_merged_rRNA.nr_v132","Proteobacteria","Gammaproteobacteria","Cellvibrionales","Porticoccaceae","Porticoccus",NA,57
"380","LVWS4_55_TP2_13H_CCTCGG_L003_trim_paired_merged_rRNA.nr_v132","Proteobacteria","Gammaproteobacteria","Enterobacteriales","Enterobacteriaceae","Enterobacteriaceae_unclassified",NA,16
"381","LVWS4_55_TP2_13H_CCTCGG_L003_trim_paired_merged_rRNA.nr_v132","Proteobacteria","Gammaproteobacteria","Gammaproteobacteria_unclassified","Gammaproteobacteria_unclassified","Gammaproteobacteria_unclassified",NA,486
"382","LVWS4_55_TP2_13H_CCTCGG_L003_trim_paired_merged_rRNA.nr_v132","Proteobacteria","Gammaproteobacteria","Methylococcales","Cycloclasticaceae","Cycloclasticus",NA,1
"383","LVWS4_55_TP2_13H_CCTCGG_L003_trim_paired_merged_rRNA.nr_v132","Proteobacteria","Gammaproteobacteria","Nitrosococcales","Methylophagaceae","Methylophaga",NA,13
"384","LVWS4_55_TP2_13H_CCTCGG_L003_trim_paired_merged_rRNA.nr_v132","Proteobacteria","Gammaproteobacteria","Nitrosococcales","Methylophagaceae","Methylophagaceae_unclassified",NA,2
"385","LVWS4_55_TP2_13H_CCTCGG_L003_trim_paired_merged_rRNA.nr_v132","Proteobacteria","Gammaproteobacteria","Oceanospirillales","Alcanivoracaceae","Alcanivorax",NA,185
"386","LVWS4_55_TP2_13H_CCTCGG_L003_trim_paired_merged_rRNA.nr_v132","Proteobacteria","Gammaproteobacteria","Oceanospirillales","Halomonadaceae","Halomonadaceae_unclassified",NA,5
"387","LVWS4_55_TP2_13H_CCTCGG_L003_trim_paired_merged_rRNA.nr_v132","Proteobacteria","Gammaproteobacteria","Oceanospirillales","Halomonadaceae","Halomonas",NA,10
"388","LVWS4_55_TP2_13H_CCTCGG_L003_trim_paired_merged_rRNA.nr_v132","Proteobacteria","Gammaproteobacteria","Oceanospirillales","Oceanospirillales_unclassified","Oceanospirillales_unclassified",NA,64
"389","LVWS4_55_TP2_13H_CCTCGG_L003_trim_paired_merged_rRNA.nr_v132","Proteobacteria","Gammaproteobacteria","Oceanospirillales","Saccharospirillaceae","Oleibacter",NA,2
"390","LVWS4_55_TP2_13H_CCTCGG_L003_trim_paired_merged_rRNA.nr_v132","Proteobacteria","Gammaproteobacteria","Oceanospirillales","Saccharospirillaceae","Oleispira",NA,51
"391","LVWS4_55_TP2_13H_CCTCGG_L003_trim_paired_merged_rRNA.nr_v132","Proteobacteria","Gammaproteobacteria","Oceanospirillales","Saccharospirillaceae","Saccharospirillaceae_unclassified",NA,353
"392","LVWS4_55_TP2_13H_CCTCGG_L003_trim_paired_merged_rRNA.nr_v132","Proteobacteria","Gammaproteobacteria","Oceanospirillales","Saccharospirillaceae","Thalassolituus",NA,604
"393","LVWS4_55_TP2_13H_CCTCGG_L003_trim_paired_merged_rRNA.nr_v132","Proteobacteria","Gammaproteobacteria","Pseudomonadales","Pseudomonadaceae","Pseudomonadaceae_unclassified",NA,2
"394","LVWS4_55_TP2_13H_CCTCGG_L003_trim_paired_merged_rRNA.nr_v132","Proteobacteria","Gammaproteobacteria","Pseudomonadales","Pseudomonadaceae","Pseudomonas",NA,2
"395","LVWS4_55_TP2_13H_CCTCGG_L003_trim_paired_merged_rRNA.nr_v132","Proteobacteria","Proteobacteria_unclassified","Proteobacteria_unclassified","Proteobacteria_unclassified","Proteobacteria_unclassified",NA,236
"396","LVWS4_55_TP2_13H_CCTCGG_L003_trim_paired_merged_rRNA.nr_v132","Spirochaetes","Brachyspirae","Brachyspirales","Brachyspirales_Incertae_Sedis","Exilispira",NA,1
"397","LVWS4_55_TP2_13H_CCTCGG_L003_trim_paired_merged_rRNA.nr_v132","Spirochaetes","Leptospirae","Leptospirales","Leptospiraceae","RBG-16-49-21",NA,1
"398","LVWS4_55_TP2_13H_CCTCGG_L003_trim_paired_merged_rRNA.nr_v132","Spirochaetes","Spirochaetia","Spirochaetales","Spirochaetaceae","Spirochaetaceae_unclassified",NA,1
"399","LVWS4_55_TP2_13H_CCTCGG_L003_trim_paired_merged_rRNA.nr_v132","Tenericutes","Mollicutes","Izimaplasmatales","Izimaplasmatales_unclassified","Izimaplasmatales_unclassified",NA,1
"400","LVWS4_55_TP2_13H_CCTCGG_L003_trim_paired_merged_rRNA.nr_v132","Thermotogae","Thermotogae","Mesoaciditogales","Mesoaciditogaceae","uncultured",NA,2
"401","LVWS4_55_TP2_13H_CCTCGG_L003_trim_paired_merged_rRNA.nr_v132","uncultured","uncultured_cl","uncultured_or","uncultured_fa","uncultured_ge",NA,2
"402","LVWS4_55_TP2_13H_CCTCGG_L003_trim_paired_merged_rRNA.nr_v132","Vertebrata","Vertebrata_unclassified","Vertebrata_unclassified","Vertebrata_unclassified","Vertebrata_unclassified",NA,1
